COUNTRY,STATE/PROVINCE,YEAR,REPORTING_SITES
CA,AB,1988,19
CA,AB,1989,39
CA,AB,1990,39
CA,AB,1991,55
CA,AB,1992,57
CA,AB,1993,56
CA,AB,1994,64
CA,AB,1995,59
CA,AB,1996,80
CA,AB,1997,53
CA,AB,1998,78
CA,AB,1999,123
CA,AB,2000,167
CA,AB,2001,163
CA,AB,2002,125
CA,AB,2003,125
CA,AB,2004,121
CA,AB,2005,117
CA,AB,2006,107
CA,AB,2007,109
CA,AB,2008,120
CA,AB,2009,113
CA,AB,2010,121
CA,AB,2011,112
CA,AB,2012,128
CA,AB,2013,159
CA,AB,2014,171
CA,AB,2015,184
CA,AB,2016,173
CA,AB,2017,154
CA,AB,2018,184
CA,AB,2019,181
CA,AB,2020,238
CA,AB,2021,250
CA,AB,2022,251
CA,AB,2023,221
CA,AB,2024,156
CA,BC,1988,31
CA,BC,1989,75
CA,BC,1990,73
CA,BC,1991,70
CA,BC,1992,89
CA,BC,1993,82
CA,BC,1994,94
CA,BC,1995,108
CA,BC,1996,174
CA,BC,1997,127
CA,BC,1998,118
CA,BC,1999,166
CA,BC,2000,239
CA,BC,2001,264
CA,BC,2002,271
CA,BC,2003,256
CA,BC,2004,254
CA,BC,2005,232
CA,BC,2006,225
CA,BC,2007,249
CA,BC,2008,288
CA,BC,2009,300
CA,BC,2010,299
CA,BC,2011,309
CA,BC,2012,321
CA,BC,2013,345
CA,BC,2014,350
CA,BC,2015,334
CA,BC,2016,326
CA,BC,2017,308
CA,BC,2018,308
CA,BC,2019,337
CA,BC,2020,450
CA,BC,2021,483
CA,BC,2022,421
CA,BC,2023,366
CA,BC,2024,282
CA,MB,1988,14
CA,MB,1989,32
CA,MB,1990,33
CA,MB,1991,35
CA,MB,1992,38
CA,MB,1993,34
CA,MB,1994,32
CA,MB,1995,34
CA,MB,1996,56
CA,MB,1997,44
CA,MB,1998,49
CA,MB,1999,54
CA,MB,2000,86
CA,MB,2001,88
CA,MB,2002,83
CA,MB,2003,76
CA,MB,2004,69
CA,MB,2005,60
CA,MB,2006,62
CA,MB,2007,68
CA,MB,2008,65
CA,MB,2009,63
CA,MB,2010,75
CA,MB,2011,70
CA,MB,2012,80
CA,MB,2013,92
CA,MB,2014,79
CA,MB,2015,91
CA,MB,2016,91
CA,MB,2017,83
CA,MB,2018,82
CA,MB,2019,88
CA,MB,2020,111
CA,MB,2021,129
CA,MB,2022,142
CA,MB,2023,140
CA,MB,2024,102
CA,NB,1988,11
CA,NB,1989,32
CA,NB,1990,36
CA,NB,1991,40
CA,NB,1992,39
CA,NB,1993,47
CA,NB,1994,46
CA,NB,1995,42
CA,NB,1996,55
CA,NB,1997,35
CA,NB,1998,41
CA,NB,1999,47
CA,NB,2000,58
CA,NB,2001,74
CA,NB,2002,73
CA,NB,2003,70
CA,NB,2004,72
CA,NB,2005,66
CA,NB,2006,55
CA,NB,2007,69
CA,NB,2008,69
CA,NB,2009,65
CA,NB,2010,67
CA,NB,2011,65
CA,NB,2012,74
CA,NB,2013,74
CA,NB,2014,78
CA,NB,2015,64
CA,NB,2016,61
CA,NB,2017,60
CA,NB,2018,54
CA,NB,2019,56
CA,NB,2020,58
CA,NB,2021,60
CA,NB,2022,85
CA,NB,2023,69
CA,NB,2024,49
CA,NL,1988,2
CA,NL,1989,4
CA,NL,1990,9
CA,NL,1991,11
CA,NL,1992,13
CA,NL,1993,14
CA,NL,1994,12
CA,NL,1995,13
CA,NL,1996,18
CA,NL,1997,11
CA,NL,1998,13
CA,NL,1999,17
CA,NL,2000,27
CA,NL,2001,31
CA,NL,2002,28
CA,NL,2003,22
CA,NL,2004,23
CA,NL,2005,20
CA,NL,2006,20
CA,NL,2007,21
CA,NL,2008,21
CA,NL,2009,19
CA,NL,2010,21
CA,NL,2011,20
CA,NL,2012,19
CA,NL,2013,21
CA,NL,2014,19
CA,NL,2015,22
CA,NL,2016,18
CA,NL,2017,15
CA,NL,2018,13
CA,NL,2019,14
CA,NL,2020,19
CA,NL,2021,22
CA,NL,2022,31
CA,NL,2023,24
CA,NL,2024,22
CA,NS,1988,26
CA,NS,1989,40
CA,NS,1990,36
CA,NS,1991,37
CA,NS,1992,38
CA,NS,1993,44
CA,NS,1994,45
CA,NS,1995,43
CA,NS,1996,48
CA,NS,1997,41
CA,NS,1998,41
CA,NS,1999,39
CA,NS,2000,71
CA,NS,2001,81
CA,NS,2002,89
CA,NS,2003,89
CA,NS,2004,91
CA,NS,2005,90
CA,NS,2006,84
CA,NS,2007,93
CA,NS,2008,104
CA,NS,2009,98
CA,NS,2010,90
CA,NS,2011,87
CA,NS,2012,81
CA,NS,2013,88
CA,NS,2014,89
CA,NS,2015,92
CA,NS,2016,88
CA,NS,2017,74
CA,NS,2018,77
CA,NS,2019,86
CA,NS,2020,109
CA,NS,2021,103
CA,NS,2022,115
CA,NS,2023,109
CA,NS,2024,77
CA,NT,1991,1
CA,NT,1992,1
CA,NT,1996,1
CA,NT,1997,1
CA,NT,2002,1
CA,NT,2003,2
CA,NT,2004,2
CA,NT,2005,1
CA,NT,2006,1
CA,NT,2007,1
CA,NT,2008,3
CA,NT,2009,2
CA,NT,2010,1
CA,NT,2011,1
CA,NT,2012,3
CA,NT,2013,4
CA,NT,2014,2
CA,NT,2015,3
CA,NT,2016,3
CA,NT,2017,5
CA,NT,2018,4
CA,NT,2019,4
CA,NT,2020,3
CA,NT,2021,2
CA,NT,2022,2
CA,NT,2023,2
CA,NT,2024,2
CA,ON,1988,336
CA,ON,1989,489
CA,ON,1990,508
CA,ON,1991,480
CA,ON,1992,483
CA,ON,1993,521
CA,ON,1994,615
CA,ON,1995,639
CA,ON,1996,923
CA,ON,1997,667
CA,ON,1998,697
CA,ON,1999,914
CA,ON,2000,1066
CA,ON,2001,1041
CA,ON,2002,966
CA,ON,2003,938
CA,ON,2004,939
CA,ON,2005,943
CA,ON,2006,896
CA,ON,2007,981
CA,ON,2008,1035
CA,ON,2009,1059
CA,ON,2010,1077
CA,ON,2011,1087
CA,ON,2012,1087
CA,ON,2013,1148
CA,ON,2014,1241
CA,ON,2015,1273
CA,ON,2016,1271
CA,ON,2017,1215
CA,ON,2018,1238
CA,ON,2019,1323
CA,ON,2020,1760
CA,ON,2021,1945
CA,ON,2022,2015
CA,ON,2023,1799
CA,ON,2024,1271
CA,PE,1988,8
CA,PE,1989,10
CA,PE,1990,11
CA,PE,1991,10
CA,PE,1992,9
CA,PE,1993,11
CA,PE,1994,11
CA,PE,1995,9
CA,PE,1996,12
CA,PE,1997,7
CA,PE,1998,7
CA,PE,1999,11
CA,PE,2000,18
CA,PE,2001,20
CA,PE,2002,13
CA,PE,2003,13
CA,PE,2004,14
CA,PE,2005,13
CA,PE,2006,12
CA,PE,2007,12
CA,PE,2008,11
CA,PE,2009,13
CA,PE,2010,15
CA,PE,2011,12
CA,PE,2012,13
CA,PE,2013,21
CA,PE,2014,18
CA,PE,2015,17
CA,PE,2016,17
CA,PE,2017,11
CA,PE,2018,10
CA,PE,2019,15
CA,PE,2020,19
CA,PE,2021,17
CA,PE,2022,15
CA,PE,2023,16
CA,PE,2024,13
CA,QC,1988,52
CA,QC,1989,167
CA,QC,1990,173
CA,QC,1991,154
CA,QC,1992,144
CA,QC,1993,125
CA,QC,1994,109
CA,QC,1995,99
CA,QC,1996,138
CA,QC,1997,109
CA,QC,1998,102
CA,QC,1999,132
CA,QC,2000,171
CA,QC,2001,193
CA,QC,2002,233
CA,QC,2003,248
CA,QC,2004,243
CA,QC,2005,236
CA,QC,2006,218
CA,QC,2007,220
CA,QC,2008,214
CA,QC,2009,196
CA,QC,2010,209
CA,QC,2011,208
CA,QC,2012,211
CA,QC,2013,238
CA,QC,2014,228
CA,QC,2015,235
CA,QC,2016,242
CA,QC,2017,212
CA,QC,2018,230
CA,QC,2019,255
CA,QC,2020,333
CA,QC,2021,411
CA,QC,2022,426
CA,QC,2023,352
CA,QC,2024,255
CA,SK,1988,13
CA,SK,1989,17
CA,SK,1990,19
CA,SK,1991,19
CA,SK,1992,19
CA,SK,1993,22
CA,SK,1994,25
CA,SK,1995,25
CA,SK,1996,31
CA,SK,1997,18
CA,SK,1998,23
CA,SK,1999,29
CA,SK,2000,60
CA,SK,2001,75
CA,SK,2002,69
CA,SK,2003,59
CA,SK,2004,46
CA,SK,2005,41
CA,SK,2006,43
CA,SK,2007,41
CA,SK,2008,44
CA,SK,2009,45
CA,SK,2010,47
CA,SK,2011,40
CA,SK,2012,52
CA,SK,2013,62
CA,SK,2014,60
CA,SK,2015,58
CA,SK,2016,62
CA,SK,2017,62
CA,SK,2018,64
CA,SK,2019,63
CA,SK,2020,79
CA,SK,2021,89
CA,SK,2022,106
CA,SK,2023,90
CA,SK,2024,61
CA,YT,1992,2
CA,YT,1993,2
CA,YT,1994,2
CA,YT,1995,3
CA,YT,1996,2
CA,YT,1997,1
CA,YT,1998,1
CA,YT,1999,1
CA,YT,2000,2
CA,YT,2001,2
CA,YT,2002,4
CA,YT,2003,3
CA,YT,2004,3
CA,YT,2005,2
CA,YT,2006,2
CA,YT,2007,3
CA,YT,2008,6
CA,YT,2009,4
CA,YT,2010,6
CA,YT,2011,6
CA,YT,2012,7
CA,YT,2013,6
CA,YT,2014,6
CA,YT,2015,9
CA,YT,2016,6
CA,YT,2017,8
CA,YT,2018,8
CA,YT,2019,8
CA,YT,2020,7
CA,YT,2021,7
CA,YT,2022,17
CA,YT,2023,18
CA,YT,2024,13
MX,JAL,2017,1
MX,JAL,2018,1
MX,JAL,2019,1
MX,JAL,2020,1
MX,NAY,2017,1
MX,NAY,2018,1
MX,NAY,2019,1
MX,NAY,2020,1
PM,PM,2011,1
PM,PM,2012,1
PM,PM,2013,1
PM,PM,2014,1
PM,PM,2015,1
PM,PM,2016,1
PM,PM,2017,1
PM,PM,2018,1
PM,PM,2019,1
PM,PM,2020,1
PM,PM,2021,1
PM,PM,2022,1
PM,PM,2023,1
PM,PM,2024,1
US,AK,1988,10
US,AK,1989,24
US,AK,1990,27
US,AK,1991,30
US,AK,1992,31
US,AK,1993,34
US,AK,1994,36
US,AK,1995,39
US,AK,1996,37
US,AK,1997,34
US,AK,1998,47
US,AK,1999,45
US,AK,2000,72
US,AK,2001,75
US,AK,2002,74
US,AK,2003,69
US,AK,2004,69
US,AK,2005,57
US,AK,2006,60
US,AK,2007,56
US,AK,2008,59
US,AK,2009,56
US,AK,2010,50
US,AK,2011,55
US,AK,2012,51
US,AK,2013,60
US,AK,2014,58
US,AK,2015,62
US,AK,2016,61
US,AK,2017,63
US,AK,2018,55
US,AK,2019,61
US,AK,2020,74
US,AK,2021,75
US,AK,2022,63
US,AK,2023,75
US,AK,2024,60
US,AL,1988,38
US,AL,1989,57
US,AL,1990,45
US,AL,1991,44
US,AL,1992,44
US,AL,1993,47
US,AL,1994,51
US,AL,1995,61
US,AL,1996,62
US,AL,1997,64
US,AL,1998,66
US,AL,1999,77
US,AL,2000,115
US,AL,2001,100
US,AL,2002,84
US,AL,2003,81
US,AL,2004,85
US,AL,2005,78
US,AL,2006,71
US,AL,2007,69
US,AL,2008,61
US,AL,2009,74
US,AL,2010,71
US,AL,2011,64
US,AL,2012,60
US,AL,2013,66
US,AL,2014,60
US,AL,2015,56
US,AL,2016,61
US,AL,2017,69
US,AL,2018,72
US,AL,2019,72
US,AL,2020,89
US,AL,2021,89
US,AL,2022,89
US,AL,2023,100
US,AL,2024,81
US,AR,1988,24
US,AR,1989,37
US,AR,1990,33
US,AR,1991,32
US,AR,1992,29
US,AR,1993,29
US,AR,1994,31
US,AR,1995,29
US,AR,1996,32
US,AR,1997,41
US,AR,1998,46
US,AR,1999,54
US,AR,2000,84
US,AR,2001,85
US,AR,2002,68
US,AR,2003,51
US,AR,2004,46
US,AR,2005,44
US,AR,2006,53
US,AR,2007,57
US,AR,2008,51
US,AR,2009,45
US,AR,2010,40
US,AR,2011,42
US,AR,2012,38
US,AR,2013,41
US,AR,2014,42
US,AR,2015,48
US,AR,2016,44
US,AR,2017,43
US,AR,2018,46
US,AR,2019,52
US,AR,2020,57
US,AR,2021,64
US,AR,2022,62
US,AR,2023,70
US,AR,2024,52
US,AZ,1988,37
US,AZ,1989,52
US,AZ,1990,49
US,AZ,1991,51
US,AZ,1992,51
US,AZ,1993,49
US,AZ,1994,53
US,AZ,1995,54
US,AZ,1996,51
US,AZ,1997,78
US,AZ,1998,87
US,AZ,1999,89
US,AZ,2000,120
US,AZ,2001,125
US,AZ,2002,94
US,AZ,2003,102
US,AZ,2004,97
US,AZ,2005,99
US,AZ,2006,117
US,AZ,2007,122
US,AZ,2008,113
US,AZ,2009,103
US,AZ,2010,95
US,AZ,2011,98
US,AZ,2012,105
US,AZ,2013,114
US,AZ,2014,110
US,AZ,2015,113
US,AZ,2016,121
US,AZ,2017,133
US,AZ,2018,132
US,AZ,2019,139
US,AZ,2020,175
US,AZ,2021,173
US,AZ,2022,171
US,AZ,2023,198
US,AZ,2024,160
US,CA,1988,174
US,CA,1989,256
US,CA,1990,223
US,CA,1991,230
US,CA,1992,227
US,CA,1993,228
US,CA,1994,293
US,CA,1995,301
US,CA,1996,268
US,CA,1997,343
US,CA,1998,413
US,CA,1999,477
US,CA,2000,590
US,CA,2001,577
US,CA,2002,528
US,CA,2003,507
US,CA,2004,485
US,CA,2005,471
US,CA,2006,492
US,CA,2007,513
US,CA,2008,472
US,CA,2009,482
US,CA,2010,498
US,CA,2011,531
US,CA,2012,555
US,CA,2013,582
US,CA,2014,594
US,CA,2015,629
US,CA,2016,611
US,CA,2017,609
US,CA,2018,632
US,CA,2019,656
US,CA,2020,855
US,CA,2021,897
US,CA,2022,809
US,CA,2023,859
US,CA,2024,607
US,CO,1988,74
US,CO,1989,113
US,CO,1990,103
US,CO,1991,101
US,CO,1992,102
US,CO,1993,118
US,CO,1994,129
US,CO,1995,131
US,CO,1996,122
US,CO,1997,120
US,CO,1998,137
US,CO,1999,169
US,CO,2000,220
US,CO,2001,207
US,CO,2002,187
US,CO,2003,167
US,CO,2004,172
US,CO,2005,163
US,CO,2006,158
US,CO,2007,178
US,CO,2008,188
US,CO,2009,200
US,CO,2010,187
US,CO,2011,198
US,CO,2012,227
US,CO,2013,259
US,CO,2014,287
US,CO,2015,285
US,CO,2016,299
US,CO,2017,321
US,CO,2018,346
US,CO,2019,387
US,CO,2020,484
US,CO,2021,502
US,CO,2022,504
US,CO,2023,574
US,CO,2024,431
US,CT,1988,91
US,CT,1989,147
US,CT,1990,144
US,CT,1991,134
US,CT,1992,137
US,CT,1993,140
US,CT,1994,174
US,CT,1995,186
US,CT,1996,179
US,CT,1997,218
US,CT,1998,264
US,CT,1999,287
US,CT,2000,344
US,CT,2001,315
US,CT,2002,296
US,CT,2003,292
US,CT,2004,256
US,CT,2005,264
US,CT,2006,264
US,CT,2007,263
US,CT,2008,260
US,CT,2009,256
US,CT,2010,254
US,CT,2011,253
US,CT,2012,259
US,CT,2013,287
US,CT,2014,282
US,CT,2015,292
US,CT,2016,277
US,CT,2017,288
US,CT,2018,282
US,CT,2019,289
US,CT,2020,393
US,CT,2021,408
US,CT,2022,364
US,CT,2023,382
US,CT,2024,290
US,DC,1988,4
US,DC,1989,5
US,DC,1990,5
US,DC,1991,5
US,DC,1992,7
US,DC,1993,7
US,DC,1994,8
US,DC,1995,6
US,DC,1996,6
US,DC,1997,7
US,DC,1998,7
US,DC,1999,8
US,DC,2000,7
US,DC,2001,4
US,DC,2002,8
US,DC,2003,7
US,DC,2004,9
US,DC,2005,9
US,DC,2006,8
US,DC,2007,8
US,DC,2008,4
US,DC,2009,6
US,DC,2010,5
US,DC,2011,6
US,DC,2012,7
US,DC,2013,6
US,DC,2014,13
US,DC,2015,16
US,DC,2016,12
US,DC,2017,13
US,DC,2018,9
US,DC,2019,11
US,DC,2020,18
US,DC,2021,20
US,DC,2022,19
US,DC,2023,15
US,DC,2024,16
US,DE,1988,18
US,DE,1989,32
US,DE,1990,24
US,DE,1991,18
US,DE,1992,22
US,DE,1993,26
US,DE,1994,25
US,DE,1995,27
US,DE,1996,29
US,DE,1997,29
US,DE,1998,28
US,DE,1999,31
US,DE,2000,45
US,DE,2001,51
US,DE,2002,46
US,DE,2003,48
US,DE,2004,49
US,DE,2005,43
US,DE,2006,49
US,DE,2007,51
US,DE,2008,50
US,DE,2009,57
US,DE,2010,51
US,DE,2011,40
US,DE,2012,43
US,DE,2013,54
US,DE,2014,55
US,DE,2015,56
US,DE,2016,57
US,DE,2017,69
US,DE,2018,61
US,DE,2019,70
US,DE,2020,78
US,DE,2021,77
US,DE,2022,78
US,DE,2023,80
US,DE,2024,61
US,FL,1988,84
US,FL,1989,119
US,FL,1990,96
US,FL,1991,86
US,FL,1992,81
US,FL,1993,78
US,FL,1994,83
US,FL,1995,75
US,FL,1996,75
US,FL,1997,93
US,FL,1998,114
US,FL,1999,129
US,FL,2000,164
US,FL,2001,200
US,FL,2002,193
US,FL,2003,184
US,FL,2004,169
US,FL,2005,162
US,FL,2006,175
US,FL,2007,184
US,FL,2008,165
US,FL,2009,198
US,FL,2010,188
US,FL,2011,175
US,FL,2012,199
US,FL,2013,208
US,FL,2014,192
US,FL,2015,225
US,FL,2016,208
US,FL,2017,217
US,FL,2018,219
US,FL,2019,261
US,FL,2020,301
US,FL,2021,316
US,FL,2022,350
US,FL,2023,418
US,FL,2024,270
US,GA,1988,61
US,GA,1989,93
US,GA,1990,96
US,GA,1991,88
US,GA,1992,79
US,GA,1993,94
US,GA,1994,101
US,GA,1995,100
US,GA,1996,97
US,GA,1997,121
US,GA,1998,141
US,GA,1999,193
US,GA,2000,230
US,GA,2001,245
US,GA,2002,237
US,GA,2003,229
US,GA,2004,225
US,GA,2005,220
US,GA,2006,205
US,GA,2007,210
US,GA,2008,202
US,GA,2009,193
US,GA,2010,186
US,GA,2011,193
US,GA,2012,197
US,GA,2013,218
US,GA,2014,225
US,GA,2015,212
US,GA,2016,202
US,GA,2017,198
US,GA,2018,205
US,GA,2019,214
US,GA,2020,254
US,GA,2021,286
US,GA,2022,269
US,GA,2023,294
US,GA,2024,229
US,HI,1994,2
US,HI,1995,2
US,HI,1999,1
US,HI,2000,1
US,HI,2002,2
US,HI,2003,1
US,HI,2005,1
US,HI,2006,2
US,HI,2007,3
US,HI,2008,5
US,HI,2009,2
US,HI,2010,2
US,HI,2011,2
US,HI,2012,2
US,HI,2013,3
US,HI,2014,1
US,HI,2015,1
US,HI,2016,1
US,HI,2017,2
US,HI,2018,2
US,HI,2019,2
US,HI,2020,3
US,HI,2021,2
US,HI,2022,2
US,HI,2023,1
US,HI,2024,3
US,IA,1988,33
US,IA,1989,44
US,IA,1990,42
US,IA,1991,35
US,IA,1992,32
US,IA,1993,29
US,IA,1994,40
US,IA,1995,54
US,IA,1996,56
US,IA,1997,54
US,IA,1998,58
US,IA,1999,60
US,IA,2000,87
US,IA,2001,100
US,IA,2002,83
US,IA,2003,81
US,IA,2004,84
US,IA,2005,79
US,IA,2006,75
US,IA,2007,84
US,IA,2008,82
US,IA,2009,76
US,IA,2010,80
US,IA,2011,79
US,IA,2012,99
US,IA,2013,102
US,IA,2014,102
US,IA,2015,95
US,IA,2016,89
US,IA,2017,89
US,IA,2018,92
US,IA,2019,97
US,IA,2020,131
US,IA,2021,140
US,IA,2022,124
US,IA,2023,132
US,IA,2024,95
US,ID,1988,12
US,ID,1989,29
US,ID,1990,24
US,ID,1991,21
US,ID,1992,18
US,ID,1993,25
US,ID,1994,29
US,ID,1995,35
US,ID,1996,31
US,ID,1997,40
US,ID,1998,46
US,ID,1999,55
US,ID,2000,78
US,ID,2001,82
US,ID,2002,71
US,ID,2003,66
US,ID,2004,79
US,ID,2005,84
US,ID,2006,84
US,ID,2007,79
US,ID,2008,71
US,ID,2009,76
US,ID,2010,79
US,ID,2011,79
US,ID,2012,84
US,ID,2013,88
US,ID,2014,78
US,ID,2015,75
US,ID,2016,82
US,ID,2017,89
US,ID,2018,85
US,ID,2019,95
US,ID,2020,115
US,ID,2021,124
US,ID,2022,100
US,ID,2023,116
US,ID,2024,80
US,IL,1988,161
US,IL,1989,242
US,IL,1990,206
US,IL,1991,197
US,IL,1992,189
US,IL,1993,198
US,IL,1994,222
US,IL,1995,227
US,IL,1996,223
US,IL,1997,242
US,IL,1998,236
US,IL,1999,262
US,IL,2000,333
US,IL,2001,352
US,IL,2002,356
US,IL,2003,322
US,IL,2004,309
US,IL,2005,288
US,IL,2006,285
US,IL,2007,318
US,IL,2008,303
US,IL,2009,298
US,IL,2010,291
US,IL,2011,313
US,IL,2012,325
US,IL,2013,338
US,IL,2014,335
US,IL,2015,323
US,IL,2016,335
US,IL,2017,306
US,IL,2018,336
US,IL,2019,353
US,IL,2020,445
US,IL,2021,464
US,IL,2022,486
US,IL,2023,485
US,IL,2024,365
US,IN,1988,79
US,IN,1989,101
US,IN,1990,91
US,IN,1991,89
US,IN,1992,87
US,IN,1993,92
US,IN,1994,116
US,IN,1995,139
US,IN,1996,135
US,IN,1997,148
US,IN,1998,138
US,IN,1999,157
US,IN,2000,217
US,IN,2001,212
US,IN,2002,191
US,IN,2003,190
US,IN,2004,195
US,IN,2005,167
US,IN,2006,165
US,IN,2007,199
US,IN,2008,195
US,IN,2009,174
US,IN,2010,165
US,IN,2011,171
US,IN,2012,193
US,IN,2013,198
US,IN,2014,192
US,IN,2015,197
US,IN,2016,197
US,IN,2017,190
US,IN,2018,207
US,IN,2019,224
US,IN,2020,266
US,IN,2021,272
US,IN,2022,286
US,IN,2023,298
US,IN,2024,231
US,KS,1988,38
US,KS,1989,48
US,KS,1990,46
US,KS,1991,51
US,KS,1992,57
US,KS,1993,52
US,KS,1994,55
US,KS,1995,55
US,KS,1996,56
US,KS,1997,64
US,KS,1998,68
US,KS,1999,69
US,KS,2000,88
US,KS,2001,101
US,KS,2002,96
US,KS,2003,88
US,KS,2004,78
US,KS,2005,73
US,KS,2006,70
US,KS,2007,80
US,KS,2008,77
US,KS,2009,69
US,KS,2010,74
US,KS,2011,69
US,KS,2012,78
US,KS,2013,86
US,KS,2014,83
US,KS,2015,79
US,KS,2016,82
US,KS,2017,83
US,KS,2018,78
US,KS,2019,82
US,KS,2020,93
US,KS,2021,96
US,KS,2022,96
US,KS,2023,114
US,KS,2024,98
US,KY,1988,30
US,KY,1989,42
US,KY,1990,37
US,KY,1991,36
US,KY,1992,32
US,KY,1993,34
US,KY,1994,41
US,KY,1995,47
US,KY,1996,48
US,KY,1997,65
US,KY,1998,80
US,KY,1999,82
US,KY,2000,102
US,KY,2001,87
US,KY,2002,87
US,KY,2003,94
US,KY,2004,103
US,KY,2005,90
US,KY,2006,114
US,KY,2007,119
US,KY,2008,113
US,KY,2009,110
US,KY,2010,107
US,KY,2011,104
US,KY,2012,98
US,KY,2013,102
US,KY,2014,103
US,KY,2015,107
US,KY,2016,93
US,KY,2017,94
US,KY,2018,102
US,KY,2019,106
US,KY,2020,126
US,KY,2021,131
US,KY,2022,114
US,KY,2023,141
US,KY,2024,112
US,LA,1988,14
US,LA,1989,25
US,LA,1990,24
US,LA,1991,24
US,LA,1992,18
US,LA,1993,16
US,LA,1994,23
US,LA,1995,31
US,LA,1996,34
US,LA,1997,30
US,LA,1998,25
US,LA,1999,28
US,LA,2000,36
US,LA,2001,47
US,LA,2002,39
US,LA,2003,32
US,LA,2004,24
US,LA,2005,23
US,LA,2006,34
US,LA,2007,33
US,LA,2008,27
US,LA,2009,22
US,LA,2010,26
US,LA,2011,34
US,LA,2012,33
US,LA,2013,33
US,LA,2014,25
US,LA,2015,27
US,LA,2016,25
US,LA,2017,29
US,LA,2018,25
US,LA,2019,24
US,LA,2020,37
US,LA,2021,44
US,LA,2022,41
US,LA,2023,54
US,LA,2024,35
US,MA,1988,147
US,MA,1989,207
US,MA,1990,187
US,MA,1991,175
US,MA,1992,193
US,MA,1993,191
US,MA,1994,250
US,MA,1995,271
US,MA,1996,269
US,MA,1997,281
US,MA,1998,297
US,MA,1999,302
US,MA,2000,370
US,MA,2001,392
US,MA,2002,353
US,MA,2003,315
US,MA,2004,309
US,MA,2005,272
US,MA,2006,292
US,MA,2007,317
US,MA,2008,349
US,MA,2009,331
US,MA,2010,342
US,MA,2011,336
US,MA,2012,354
US,MA,2013,422
US,MA,2014,423
US,MA,2015,456
US,MA,2016,458
US,MA,2017,482
US,MA,2018,521
US,MA,2019,561
US,MA,2020,720
US,MA,2021,767
US,MA,2022,728
US,MA,2023,762
US,MA,2024,554
US,MD,1988,111
US,MD,1989,167
US,MD,1990,155
US,MD,1991,139
US,MD,1992,145
US,MD,1993,143
US,MD,1994,164
US,MD,1995,188
US,MD,1996,194
US,MD,1997,184
US,MD,1998,206
US,MD,1999,224
US,MD,2000,318
US,MD,2001,298
US,MD,2002,280
US,MD,2003,277
US,MD,2004,270
US,MD,2005,280
US,MD,2006,283
US,MD,2007,290
US,MD,2008,298
US,MD,2009,291
US,MD,2010,289
US,MD,2011,288
US,MD,2012,347
US,MD,2013,406
US,MD,2014,364
US,MD,2015,364
US,MD,2016,346
US,MD,2017,357
US,MD,2018,350
US,MD,2019,351
US,MD,2020,455
US,MD,2021,476
US,MD,2022,450
US,MD,2023,480
US,MD,2024,354
US,ME,1988,88
US,ME,1989,137
US,ME,1990,144
US,ME,1991,122
US,ME,1992,110
US,ME,1993,124
US,ME,1994,138
US,ME,1995,128
US,ME,1996,122
US,ME,1997,132
US,ME,1998,142
US,ME,1999,163
US,ME,2000,199
US,ME,2001,200
US,ME,2002,178
US,ME,2003,175
US,ME,2004,186
US,ME,2005,181
US,ME,2006,173
US,ME,2007,163
US,ME,2008,177
US,ME,2009,180
US,ME,2010,157
US,ME,2011,161
US,ME,2012,177
US,ME,2013,211
US,ME,2014,198
US,ME,2015,215
US,ME,2016,225
US,ME,2017,220
US,ME,2018,241
US,ME,2019,254
US,ME,2020,311
US,ME,2021,323
US,ME,2022,343
US,ME,2023,361
US,ME,2024,280
US,MI,1988,155
US,MI,1989,225
US,MI,1990,196
US,MI,1991,181
US,MI,1992,184
US,MI,1993,181
US,MI,1994,225
US,MI,1995,246
US,MI,1996,232
US,MI,1997,237
US,MI,1998,249
US,MI,1999,291
US,MI,2000,387
US,MI,2001,385
US,MI,2002,371
US,MI,2003,385
US,MI,2004,361
US,MI,2005,331
US,MI,2006,328
US,MI,2007,361
US,MI,2008,362
US,MI,2009,355
US,MI,2010,343
US,MI,2011,327
US,MI,2012,356
US,MI,2013,410
US,MI,2014,397
US,MI,2015,392
US,MI,2016,387
US,MI,2017,383
US,MI,2018,419
US,MI,2019,454
US,MI,2020,586
US,MI,2021,630
US,MI,2022,616
US,MI,2023,655
US,MI,2024,470
US,MN,1988,120
US,MN,1989,162
US,MN,1990,156
US,MN,1991,136
US,MN,1992,126
US,MN,1993,131
US,MN,1994,184
US,MN,1995,203
US,MN,1996,175
US,MN,1997,194
US,MN,1998,190
US,MN,1999,207
US,MN,2000,285
US,MN,2001,290
US,MN,2002,271
US,MN,2003,263
US,MN,2004,251
US,MN,2005,235
US,MN,2006,239
US,MN,2007,240
US,MN,2008,265
US,MN,2009,272
US,MN,2010,257
US,MN,2011,283
US,MN,2012,329
US,MN,2013,344
US,MN,2014,323
US,MN,2015,330
US,MN,2016,335
US,MN,2017,319
US,MN,2018,353
US,MN,2019,399
US,MN,2020,497
US,MN,2021,517
US,MN,2022,551
US,MN,2023,558
US,MN,2024,421
US,MO,1988,52
US,MO,1989,90
US,MO,1990,81
US,MO,1991,92
US,MO,1992,99
US,MO,1993,87
US,MO,1994,97
US,MO,1995,100
US,MO,1996,105
US,MO,1997,114
US,MO,1998,133
US,MO,1999,172
US,MO,2000,208
US,MO,2001,198
US,MO,2002,156
US,MO,2003,153
US,MO,2004,147
US,MO,2005,140
US,MO,2006,158
US,MO,2007,176
US,MO,2008,154
US,MO,2009,152
US,MO,2010,140
US,MO,2011,141
US,MO,2012,162
US,MO,2013,198
US,MO,2014,196
US,MO,2015,207
US,MO,2016,196
US,MO,2017,176
US,MO,2018,189
US,MO,2019,206
US,MO,2020,272
US,MO,2021,286
US,MO,2022,301
US,MO,2023,305
US,MO,2024,232
US,MS,1988,31
US,MS,1989,40
US,MS,1990,26
US,MS,1991,17
US,MS,1992,16
US,MS,1993,19
US,MS,1994,22
US,MS,1995,21
US,MS,1996,20
US,MS,1997,23
US,MS,1998,24
US,MS,1999,29
US,MS,2000,40
US,MS,2001,39
US,MS,2002,31
US,MS,2003,32
US,MS,2004,30
US,MS,2005,33
US,MS,2006,35
US,MS,2007,37
US,MS,2008,32
US,MS,2009,27
US,MS,2010,25
US,MS,2011,24
US,MS,2012,25
US,MS,2013,32
US,MS,2014,25
US,MS,2015,21
US,MS,2016,22
US,MS,2017,22
US,MS,2018,24
US,MS,2019,19
US,MS,2020,21
US,MS,2021,20
US,MS,2022,19
US,MS,2023,28
US,MS,2024,20
US,MT,1988,19
US,MT,1989,36
US,MT,1990,34
US,MT,1991,32
US,MT,1992,32
US,MT,1993,35
US,MT,1994,39
US,MT,1995,44
US,MT,1996,46
US,MT,1997,52
US,MT,1998,46
US,MT,1999,49
US,MT,2000,68
US,MT,2001,65
US,MT,2002,53
US,MT,2003,54
US,MT,2004,56
US,MT,2005,56
US,MT,2006,57
US,MT,2007,69
US,MT,2008,72
US,MT,2009,63
US,MT,2010,73
US,MT,2011,66
US,MT,2012,67
US,MT,2013,75
US,MT,2014,74
US,MT,2015,74
US,MT,2016,70
US,MT,2017,81
US,MT,2018,88
US,MT,2019,99
US,MT,2020,117
US,MT,2021,120
US,MT,2022,109
US,MT,2023,113
US,MT,2024,85
US,NC,1988,90
US,NC,1989,139
US,NC,1990,129
US,NC,1991,124
US,NC,1992,116
US,NC,1993,116
US,NC,1994,128
US,NC,1995,155
US,NC,1996,182
US,NC,1997,189
US,NC,1998,199
US,NC,1999,209
US,NC,2000,276
US,NC,2001,286
US,NC,2002,259
US,NC,2003,261
US,NC,2004,286
US,NC,2005,291
US,NC,2006,289
US,NC,2007,291
US,NC,2008,288
US,NC,2009,304
US,NC,2010,280
US,NC,2011,297
US,NC,2012,316
US,NC,2013,341
US,NC,2014,340
US,NC,2015,360
US,NC,2016,379
US,NC,2017,363
US,NC,2018,382
US,NC,2019,400
US,NC,2020,481
US,NC,2021,530
US,NC,2022,529
US,NC,2023,570
US,NC,2024,403
US,ND,1988,13
US,ND,1989,16
US,ND,1990,18
US,ND,1991,13
US,ND,1992,10
US,ND,1993,10
US,ND,1994,14
US,ND,1995,16
US,ND,1996,20
US,ND,1997,15
US,ND,1998,17
US,ND,1999,18
US,ND,2000,23
US,ND,2001,19
US,ND,2002,22
US,ND,2003,23
US,ND,2004,14
US,ND,2005,14
US,ND,2006,16
US,ND,2007,13
US,ND,2008,16
US,ND,2009,26
US,ND,2010,16
US,ND,2011,14
US,ND,2012,11
US,ND,2013,18
US,ND,2014,14
US,ND,2015,14
US,ND,2016,13
US,ND,2017,13
US,ND,2018,15
US,ND,2019,16
US,ND,2020,17
US,ND,2021,21
US,ND,2022,24
US,ND,2023,19
US,ND,2024,14
US,NE,1988,29
US,NE,1989,38
US,NE,1990,36
US,NE,1991,26
US,NE,1992,26
US,NE,1993,25
US,NE,1994,34
US,NE,1995,37
US,NE,1996,39
US,NE,1997,43
US,NE,1998,51
US,NE,1999,55
US,NE,2000,71
US,NE,2001,54
US,NE,2002,49
US,NE,2003,53
US,NE,2004,52
US,NE,2005,46
US,NE,2006,49
US,NE,2007,54
US,NE,2008,52
US,NE,2009,51
US,NE,2010,52
US,NE,2011,56
US,NE,2012,55
US,NE,2013,62
US,NE,2014,56
US,NE,2015,57
US,NE,2016,51
US,NE,2017,57
US,NE,2018,59
US,NE,2019,64
US,NE,2020,82
US,NE,2021,68
US,NE,2022,74
US,NE,2023,76
US,NE,2024,56
US,NH,1988,61
US,NH,1989,95
US,NH,1990,86
US,NH,1991,89
US,NH,1992,96
US,NH,1993,100
US,NH,1994,105
US,NH,1995,98
US,NH,1996,101
US,NH,1997,111
US,NH,1998,118
US,NH,1999,131
US,NH,2000,157
US,NH,2001,165
US,NH,2002,161
US,NH,2003,153
US,NH,2004,155
US,NH,2005,150
US,NH,2006,144
US,NH,2007,147
US,NH,2008,140
US,NH,2009,115
US,NH,2010,116
US,NH,2011,118
US,NH,2012,136
US,NH,2013,144
US,NH,2014,135
US,NH,2015,158
US,NH,2016,173
US,NH,2017,166
US,NH,2018,172
US,NH,2019,166
US,NH,2020,229
US,NH,2021,246
US,NH,2022,235
US,NH,2023,218
US,NH,2024,174
US,NJ,1987,1
US,NJ,1988,153
US,NJ,1989,230
US,NJ,1990,222
US,NJ,1991,211
US,NJ,1992,212
US,NJ,1993,235
US,NJ,1994,270
US,NJ,1995,269
US,NJ,1996,287
US,NJ,1997,310
US,NJ,1998,331
US,NJ,1999,353
US,NJ,2000,462
US,NJ,2001,417
US,NJ,2002,414
US,NJ,2003,400
US,NJ,2004,364
US,NJ,2005,342
US,NJ,2006,368
US,NJ,2007,370
US,NJ,2008,346
US,NJ,2009,339
US,NJ,2010,392
US,NJ,2011,389
US,NJ,2012,365
US,NJ,2013,392
US,NJ,2014,363
US,NJ,2015,366
US,NJ,2016,361
US,NJ,2017,355
US,NJ,2018,356
US,NJ,2019,353
US,NJ,2020,476
US,NJ,2021,462
US,NJ,2022,442
US,NJ,2023,437
US,NJ,2024,318
US,NM,1988,20
US,NM,1989,41
US,NM,1990,41
US,NM,1991,32
US,NM,1992,36
US,NM,1993,38
US,NM,1994,42
US,NM,1995,54
US,NM,1996,59
US,NM,1997,61
US,NM,1998,53
US,NM,1999,60
US,NM,2000,89
US,NM,2001,94
US,NM,2002,110
US,NM,2003,116
US,NM,2004,120
US,NM,2005,124
US,NM,2006,121
US,NM,2007,104
US,NM,2008,89
US,NM,2009,85
US,NM,2010,90
US,NM,2011,99
US,NM,2012,97
US,NM,2013,111
US,NM,2014,102
US,NM,2015,88
US,NM,2016,92
US,NM,2017,103
US,NM,2018,113
US,NM,2019,115
US,NM,2020,149
US,NM,2021,161
US,NM,2022,144
US,NM,2023,144
US,NM,2024,106
US,NV,1988,13
US,NV,1989,22
US,NV,1990,15
US,NV,1991,15
US,NV,1992,12
US,NV,1993,11
US,NV,1994,16
US,NV,1995,15
US,NV,1996,14
US,NV,1997,20
US,NV,1998,18
US,NV,1999,22
US,NV,2000,47
US,NV,2001,52
US,NV,2002,46
US,NV,2003,35
US,NV,2004,33
US,NV,2005,25
US,NV,2006,22
US,NV,2007,21
US,NV,2008,22
US,NV,2009,28
US,NV,2010,22
US,NV,2011,27
US,NV,2012,22
US,NV,2013,22
US,NV,2014,25
US,NV,2015,32
US,NV,2016,36
US,NV,2017,32
US,NV,2018,41
US,NV,2019,39
US,NV,2020,46
US,NV,2021,42
US,NV,2022,46
US,NV,2023,44
US,NV,2024,36
US,NY,1988,339
US,NY,1989,591
US,NY,1990,571
US,NY,1991,531
US,NY,1992,562
US,NY,1993,580
US,NY,1994,644
US,NY,1995,716
US,NY,1996,723
US,NY,1997,859
US,NY,1998,952
US,NY,1999,970
US,NY,2000,1075
US,NY,2001,1038
US,NY,2002,1034
US,NY,2003,1103
US,NY,2004,996
US,NY,2005,928
US,NY,2006,940
US,NY,2007,1151
US,NY,2008,1184
US,NY,2009,1194
US,NY,2010,1182
US,NY,2011,1232
US,NY,2012,1313
US,NY,2013,1366
US,NY,2014,1234
US,NY,2015,1202
US,NY,2016,1202
US,NY,2017,1163
US,NY,2018,1178
US,NY,2019,1299
US,NY,2020,1546
US,NY,2021,1575
US,NY,2022,1504
US,NY,2023,1504
US,NY,2024,1139
US,OH,1988,208
US,OH,1989,298
US,OH,1990,266
US,OH,1991,236
US,OH,1992,221
US,OH,1993,232
US,OH,1994,288
US,OH,1995,317
US,OH,1996,331
US,OH,1997,353
US,OH,1998,370
US,OH,1999,445
US,OH,2000,560
US,OH,2001,549
US,OH,2002,527
US,OH,2003,488
US,OH,2004,485
US,OH,2005,447
US,OH,2006,429
US,OH,2007,475
US,OH,2008,450
US,OH,2009,423
US,OH,2010,436
US,OH,2011,458
US,OH,2012,478
US,OH,2013,524
US,OH,2014,521
US,OH,2015,524
US,OH,2016,498
US,OH,2017,499
US,OH,2018,528
US,OH,2019,566
US,OH,2020,666
US,OH,2021,719
US,OH,2022,704
US,OH,2023,716
US,OH,2024,537
US,OK,1988,32
US,OK,1989,43
US,OK,1990,36
US,OK,1991,27
US,OK,1992,25
US,OK,1993,28
US,OK,1994,37
US,OK,1995,34
US,OK,1996,26
US,OK,1997,26
US,OK,1998,23
US,OK,1999,35
US,OK,2000,60
US,OK,2001,54
US,OK,2002,42
US,OK,2003,43
US,OK,2004,47
US,OK,2005,43
US,OK,2006,43
US,OK,2007,41
US,OK,2008,38
US,OK,2009,41
US,OK,2010,36
US,OK,2011,37
US,OK,2012,36
US,OK,2013,40
US,OK,2014,40
US,OK,2015,41
US,OK,2016,38
US,OK,2017,39
US,OK,2018,40
US,OK,2019,41
US,OK,2020,50
US,OK,2021,52
US,OK,2022,53
US,OK,2023,63
US,OK,2024,43
US,OR,1988,52
US,OR,1989,78
US,OR,1990,68
US,OR,1991,63
US,OR,1992,68
US,OR,1993,71
US,OR,1994,106
US,OR,1995,114
US,OR,1996,106
US,OR,1997,117
US,OR,1998,133
US,OR,1999,153
US,OR,2000,226
US,OR,2001,257
US,OR,2002,235
US,OR,2003,221
US,OR,2004,205
US,OR,2005,170
US,OR,2006,185
US,OR,2007,196
US,OR,2008,201
US,OR,2009,214
US,OR,2010,200
US,OR,2011,214
US,OR,2012,239
US,OR,2013,290
US,OR,2014,274
US,OR,2015,297
US,OR,2016,306
US,OR,2017,298
US,OR,2018,307
US,OR,2019,345
US,OR,2020,416
US,OR,2021,437
US,OR,2022,415
US,OR,2023,495
US,OR,2024,373
US,PA,1988,317
US,PA,1989,477
US,PA,1990,413
US,PA,1991,368
US,PA,1992,384
US,PA,1993,457
US,PA,1994,559
US,PA,1995,580
US,PA,1996,583
US,PA,1997,592
US,PA,1998,598
US,PA,1999,659
US,PA,2000,864
US,PA,2001,810
US,PA,2002,753
US,PA,2003,790
US,PA,2004,781
US,PA,2005,712
US,PA,2006,697
US,PA,2007,737
US,PA,2008,712
US,PA,2009,687
US,PA,2010,708
US,PA,2011,714
US,PA,2012,780
US,PA,2013,840
US,PA,2014,818
US,PA,2015,817
US,PA,2016,819
US,PA,2017,818
US,PA,2018,836
US,PA,2019,879
US,PA,2020,1054
US,PA,2021,1067
US,PA,2022,1035
US,PA,2023,1068
US,PA,2024,829
US,RI,1988,7
US,RI,1989,17
US,RI,1990,15
US,RI,1991,14
US,RI,1992,42
US,RI,1993,40
US,RI,1994,36
US,RI,1995,36
US,RI,1996,33
US,RI,1997,30
US,RI,1998,27
US,RI,1999,39
US,RI,2000,37
US,RI,2001,39
US,RI,2002,31
US,RI,2003,27
US,RI,2004,31
US,RI,2005,34
US,RI,2006,38
US,RI,2007,45
US,RI,2008,35
US,RI,2009,35
US,RI,2010,44
US,RI,2011,39
US,RI,2012,45
US,RI,2013,51
US,RI,2014,53
US,RI,2015,45
US,RI,2016,41
US,RI,2017,41
US,RI,2018,41
US,RI,2019,56
US,RI,2020,70
US,RI,2021,84
US,RI,2022,72
US,RI,2023,69
US,RI,2024,53
US,SC,1988,33
US,SC,1989,57
US,SC,1990,65
US,SC,1991,62
US,SC,1992,58
US,SC,1993,59
US,SC,1994,64
US,SC,1995,70
US,SC,1996,71
US,SC,1997,77
US,SC,1998,81
US,SC,1999,79
US,SC,2000,110
US,SC,2001,115
US,SC,2002,107
US,SC,2003,103
US,SC,2004,99
US,SC,2005,92
US,SC,2006,96
US,SC,2007,102
US,SC,2008,96
US,SC,2009,87
US,SC,2010,84
US,SC,2011,101
US,SC,2012,109
US,SC,2013,125
US,SC,2014,127
US,SC,2015,119
US,SC,2016,133
US,SC,2017,148
US,SC,2018,168
US,SC,2019,164
US,SC,2020,182
US,SC,2021,200
US,SC,2022,188
US,SC,2023,208
US,SC,2024,147
US,SD,1988,10
US,SD,1989,14
US,SD,1990,10
US,SD,1991,7
US,SD,1992,8
US,SD,1993,6
US,SD,1994,16
US,SD,1995,23
US,SD,1996,21
US,SD,1997,21
US,SD,1998,17
US,SD,1999,21
US,SD,2000,18
US,SD,2001,17
US,SD,2002,20
US,SD,2003,18
US,SD,2004,20
US,SD,2005,18
US,SD,2006,18
US,SD,2007,19
US,SD,2008,19
US,SD,2009,21
US,SD,2010,23
US,SD,2011,22
US,SD,2012,19
US,SD,2013,26
US,SD,2014,27
US,SD,2015,20
US,SD,2016,24
US,SD,2017,25
US,SD,2018,27
US,SD,2019,29
US,SD,2020,37
US,SD,2021,37
US,SD,2022,34
US,SD,2023,38
US,SD,2024,29
US,TN,1988,61
US,TN,1989,85
US,TN,1990,67
US,TN,1991,59
US,TN,1992,47
US,TN,1993,42
US,TN,1994,67
US,TN,1995,73
US,TN,1996,66
US,TN,1997,69
US,TN,1998,80
US,TN,1999,103
US,TN,2000,137
US,TN,2001,139
US,TN,2002,137
US,TN,2003,145
US,TN,2004,146
US,TN,2005,133
US,TN,2006,130
US,TN,2007,162
US,TN,2008,159
US,TN,2009,143
US,TN,2010,138
US,TN,2011,137
US,TN,2012,138
US,TN,2013,149
US,TN,2014,156
US,TN,2015,146
US,TN,2016,148
US,TN,2017,150
US,TN,2018,156
US,TN,2019,159
US,TN,2020,220
US,TN,2021,231
US,TN,2022,247
US,TN,2023,271
US,TN,2024,196
US,TX,1988,103
US,TX,1989,166
US,TX,1990,165
US,TX,1991,160
US,TX,1992,156
US,TX,1993,129
US,TX,1994,140
US,TX,1995,144
US,TX,1996,132
US,TX,1997,154
US,TX,1998,175
US,TX,1999,203
US,TX,2000,296
US,TX,2001,319
US,TX,2002,269
US,TX,2003,303
US,TX,2004,281
US,TX,2005,269
US,TX,2006,264
US,TX,2007,279
US,TX,2008,267
US,TX,2009,286
US,TX,2010,284
US,TX,2011,365
US,TX,2012,466
US,TX,2013,442
US,TX,2014,430
US,TX,2015,446
US,TX,2016,451
US,TX,2017,473
US,TX,2018,477
US,TX,2019,567
US,TX,2020,697
US,TX,2021,778
US,TX,2022,764
US,TX,2023,837
US,TX,2024,589
US,UT,1988,15
US,UT,1989,25
US,UT,1990,25
US,UT,1991,27
US,UT,1992,25
US,UT,1993,25
US,UT,1994,30
US,UT,1995,29
US,UT,1996,39
US,UT,1997,33
US,UT,1998,32
US,UT,1999,40
US,UT,2000,57
US,UT,2001,56
US,UT,2002,47
US,UT,2003,48
US,UT,2004,55
US,UT,2005,56
US,UT,2006,43
US,UT,2007,51
US,UT,2008,49
US,UT,2009,50
US,UT,2010,53
US,UT,2011,50
US,UT,2012,56
US,UT,2013,51
US,UT,2014,63
US,UT,2015,64
US,UT,2016,61
US,UT,2017,69
US,UT,2018,64
US,UT,2019,70
US,UT,2020,72
US,UT,2021,73
US,UT,2022,73
US,UT,2023,77
US,UT,2024,55
US,VA,1988,112
US,VA,1989,170
US,VA,1990,163
US,VA,1991,149
US,VA,1992,172
US,VA,1993,170
US,VA,1994,211
US,VA,1995,219
US,VA,1996,229
US,VA,1997,252
US,VA,1998,280
US,VA,1999,348
US,VA,2000,455
US,VA,2001,428
US,VA,2002,388
US,VA,2003,358
US,VA,2004,353
US,VA,2005,332
US,VA,2006,343
US,VA,2007,339
US,VA,2008,352
US,VA,2009,366
US,VA,2010,385
US,VA,2011,401
US,VA,2012,431
US,VA,2013,517
US,VA,2014,535
US,VA,2015,577
US,VA,2016,602
US,VA,2017,655
US,VA,2018,710
US,VA,2019,769
US,VA,2020,935
US,VA,2021,1021
US,VA,2022,1013
US,VA,2023,1046
US,VA,2024,803
US,VT,1988,44
US,VT,1989,65
US,VT,1990,64
US,VT,1991,60
US,VT,1992,60
US,VT,1993,66
US,VT,1994,79
US,VT,1995,84
US,VT,1996,81
US,VT,1997,86
US,VT,1998,93
US,VT,1999,118
US,VT,2000,144
US,VT,2001,124
US,VT,2002,118
US,VT,2003,128
US,VT,2004,125
US,VT,2005,132
US,VT,2006,131
US,VT,2007,121
US,VT,2008,111
US,VT,2009,114
US,VT,2010,115
US,VT,2011,127
US,VT,2012,133
US,VT,2013,140
US,VT,2014,130
US,VT,2015,141
US,VT,2016,145
US,VT,2017,132
US,VT,2018,144
US,VT,2019,154
US,VT,2020,193
US,VT,2021,204
US,VT,2022,196
US,VT,2023,205
US,VT,2024,156
US,WA,1988,96
US,WA,1989,163
US,WA,1990,185
US,WA,1991,120
US,WA,1992,111
US,WA,1993,181
US,WA,1994,255
US,WA,1995,258
US,WA,1996,243
US,WA,1997,242
US,WA,1998,258
US,WA,1999,282
US,WA,2000,361
US,WA,2001,352
US,WA,2002,307
US,WA,2003,298
US,WA,2004,314
US,WA,2005,295
US,WA,2006,294
US,WA,2007,334
US,WA,2008,297
US,WA,2009,271
US,WA,2010,322
US,WA,2011,350
US,WA,2012,375
US,WA,2013,419
US,WA,2014,403
US,WA,2015,420
US,WA,2016,425
US,WA,2017,438
US,WA,2018,439
US,WA,2019,489
US,WA,2020,588
US,WA,2021,583
US,WA,2022,545
US,WA,2023,624
US,WA,2024,483
US,WI,1988,115
US,WI,1989,172
US,WI,1990,167
US,WI,1991,168
US,WI,1992,176
US,WI,1993,180
US,WI,1994,201
US,WI,1995,204
US,WI,1996,189
US,WI,1997,204
US,WI,1998,207
US,WI,1999,249
US,WI,2000,320
US,WI,2001,281
US,WI,2002,277
US,WI,2003,289
US,WI,2004,270
US,WI,2005,258
US,WI,2006,261
US,WI,2007,273
US,WI,2008,294
US,WI,2009,282
US,WI,2010,281
US,WI,2011,306
US,WI,2012,320
US,WI,2013,363
US,WI,2014,351
US,WI,2015,348
US,WI,2016,345
US,WI,2017,357
US,WI,2018,374
US,WI,2019,378
US,WI,2020,470
US,WI,2021,489
US,WI,2022,528
US,WI,2023,559
US,WI,2024,395
US,WV,1988,38
US,WV,1989,49
US,WV,1990,43
US,WV,1991,39
US,WV,1992,38
US,WV,1993,40
US,WV,1994,48
US,WV,1995,51
US,WV,1996,63
US,WV,1997,54
US,WV,1998,59
US,WV,1999,60
US,WV,2000,71
US,WV,2001,78
US,WV,2002,70
US,WV,2003,64
US,WV,2004,65
US,WV,2005,59
US,WV,2006,60
US,WV,2007,65
US,WV,2008,59
US,WV,2009,67
US,WV,2010,69
US,WV,2011,69
US,WV,2012,71
US,WV,2013,80
US,WV,2014,78
US,WV,2015,84
US,WV,2016,85
US,WV,2017,75
US,WV,2018,81
US,WV,2019,86
US,WV,2020,94
US,WV,2021,86
US,WV,2022,90
US,WV,2023,85
US,WV,2024,60
US,WY,1988,8
US,WY,1989,15
US,WY,1990,14
US,WY,1991,14
US,WY,1992,17
US,WY,1993,16
US,WY,1994,13
US,WY,1995,13
US,WY,1996,20
US,WY,1997,20
US,WY,1998,19
US,WY,1999,25
US,WY,2000,41
US,WY,2001,39
US,WY,2002,30
US,WY,2003,28
US,WY,2004,26
US,WY,2005,25
US,WY,2006,30
US,WY,2007,33
US,WY,2008,30
US,WY,2009,31
US,WY,2010,26
US,WY,2011,30
US,WY,2012,38
US,WY,2013,37
US,WY,2014,38
US,WY,2015,38
US,WY,2016,35
US,WY,2017,37
US,WY,2018,31
US,WY,2019,37
US,WY,2020,37
US,WY,2021,35
US,WY,2022,31
US,WY,2023,41
US,WY,2024,28
